[  {    "city": "Paris"  },  {    "city": "Tokyo"  },  {    "city": "Dubai"  },  {    "city": "Los Angeles"  },  {    "city": "Barcelona"  },  {    "city": "Amsterdam"  },  {    "city": "Rome"  },  {    "city": "Sydney"  },  {    "city": "San Francisco"  },  {    "city": "Singapore"  },  {    "city": "Berlin"  },  {    "city": "Madrid"  },  {    "city": "Hong Kong"  },  {    "city": "Vienna"  },  {    "city": "Vancouver"  },  {    "city": "Toronto"  },  {    "city": "Montreal"  },  {    "city": "Calgary"  },  {    "city": "Ottawa"  },  {    "city": "Quebec City"  },  {    "city": "Edmonton"  },  {    "city": "Halifax"  },  {    "city": "Winnipeg"  },  {    "city": "Seattle"  },  {    "city": "New York City"  },  {    "city": "London"  },  {    "city": "Paris"  },  {    "city": "Amsterdam"  },  {    "city": "Berlin"  },  {    "city": "Sydney"  },  {    "city": "Melbourne"  },  {    "city": "Auckland"  },  {    "city": "Tokyo"  },  {    "city": "Osaka"  },  {    "city": "Dubai"  },  {    "city": "Abu Dhabi"  },  {    "city": "Barcelona"  },  {    "city": "Madrid"  },  {    "city": "Rome"  },  {    "city": "Venice"  },  {    "city": "San Francisco"  },  {    "city": "Los Angeles"  },  {    "city": "Las Vegas"  },  {    "city": "Vancouver"  },  {    "city": "Toronto"  },  {    "city": "Montreal"  },  {    "city": "Calgary"  },  {    "city": "Ottawa"  },  {    "city": "Quebec City"  },  {    "city": "Edmonton"  },  {    "city": "Halifax"  },  {    "city": "Winnipeg"  }]